week_start,store_id,promo_flag,sales_eur
2023-01-01,S1,0,22837.23
2023-01-08,S1,0,23060.88
2023-01-15,S1,1,24246.42
2023-01-22,S1,0,24202.07
2023-01-29,S1,1,27813.74
2023-02-05,S1,0,24909.93
2023-02-12,S1,0,21776.08
2023-02-19,S1,1,25950.05
2023-02-26,S1,0,25321.22
2023-03-05,S1,0,24766.42
2023-03-12,S1,0,24830.01
2023-03-19,S1,1,27488.91
2023-03-26,S1,1,27767.65
2023-04-02,S1,0,24001.94
2023-04-09,S1,0,23863.41
2023-04-16,S1,0,22984.9
2023-04-23,S1,1,26455.61
2023-04-30,S1,0,23905.81
2023-05-07,S1,1,25450.83
2023-05-14,S1,1,27156.2
2023-05-21,S1,1,24780.15
2023-05-28,S1,0,21482.76
2023-06-04,S1,1,27817.71
2023-06-11,S1,1,23869.42
2023-06-18,S1,1,23769.81
2023-06-25,S1,0,17530.74
2023-07-02,S1,0,21861.3
2023-07-09,S1,1,22345.99
2023-07-16,S1,0,22210.85
2023-07-23,S1,0,22269.46
2023-07-30,S1,0,19643.94
2023-08-06,S1,0,20088.1
2023-08-13,S1,0,19125.65
2023-08-20,S1,1,22266.76
2023-08-27,S1,1,22535.99
2023-09-03,S1,0,19029.25
2023-09-10,S1,0,22037.53
2023-09-17,S1,1,27563.15
2023-09-24,S1,1,25788.87
2023-10-01,S1,1,26143.78
2023-10-08,S1,0,24109.27
2023-10-15,S1,1,27452.94
2023-10-22,S1,0,23174.98
2023-10-29,S1,0,23254.08
2023-11-05,S1,0,22770.58
2023-11-12,S1,1,26187.46
2023-11-19,S1,0,24869.37
2023-11-26,S1,0,26038.98
2023-12-03,S1,0,24648.35
2023-12-10,S1,0,22596.32
2023-12-17,S1,0,22983.56
2023-12-24,S1,1,27744.29
2023-12-31,S1,1,28137.06
2024-01-07,S1,0,22991.01
2024-01-14,S1,1,24188.75
2024-01-21,S1,1,26134.78
2024-01-28,S1,0,22837.08
2024-02-04,S1,0,25452.41
2024-02-11,S1,0,21304.1
2024-02-18,S1,1,23972.86
2024-02-25,S1,1,22899.4
2024-03-03,S1,1,25642.54
2024-03-10,S1,0,21051.92
2024-03-17,S1,1,24515.51
2024-03-24,S1,0,20608.11
2024-03-31,S1,1,23101.17
2024-04-07,S1,0,21695.81
2024-04-14,S1,0,19792.2
2024-04-21,S1,1,23650.54
2024-04-28,S1,1,24036.28
2024-05-05,S1,1,21364.45
2024-05-12,S1,1,22575.12
2024-05-19,S1,1,23205.59
2024-05-26,S1,0,22418.24
2024-06-02,S1,1,25077.19
2024-06-09,S1,1,23275.37
2024-06-16,S1,1,26325.61
2024-06-23,S1,0,23664.5
2024-06-30,S1,1,26327.3
2024-07-07,S1,1,29672.51
2024-07-14,S1,1,25592.59
2024-07-21,S1,1,26591.39
2024-07-28,S1,0,23800.4
2024-08-04,S1,1,27105.83
2024-08-11,S1,0,22781.74
2024-08-18,S1,1,27019.59
2024-08-25,S1,1,26356.83
2024-09-01,S1,0,23848.74
2024-09-08,S1,0,25304.71
2024-09-15,S1,0,23630.26
2024-09-22,S1,0,22732.64
2024-09-29,S1,0,24133.11
2024-10-06,S1,0,24275.05
2024-10-13,S1,0,23727.59
2024-10-20,S1,1,25179.41
2024-10-27,S1,1,25361.79
2024-11-03,S1,0,20690.55
2024-11-10,S1,0,20416.28
2024-11-17,S1,1,24696.59
2024-11-24,S1,1,22584.74
2024-12-01,S1,0,20466.57
2024-12-08,S1,0,17116.69
2024-12-15,S1,1,23085.7
2024-12-22,S1,0,20016.58
2024-12-29,S1,1,21423.75
2025-01-05,S1,0,19056.28
2025-01-12,S1,0,19671.69
2025-01-19,S1,1,22950.75
2025-01-26,S1,0,22404.01
2025-02-02,S1,1,25273.32
2025-02-09,S1,1,23701.35
2025-02-16,S1,1,26098.79
2025-02-23,S1,1,23653.32
2025-03-02,S1,0,19637.65
2025-03-09,S1,0,23676.19
2025-03-16,S1,1,29282.92
2025-03-23,S1,1,25026.69
2025-03-30,S1,0,21678.1
2025-04-06,S1,0,21055.89
2025-04-13,S1,0,24735.18
2023-01-01,S2,1,29388.21
2023-01-08,S2,0,27896.9
2023-01-15,S2,0,26204.9
2023-01-22,S2,1,33452.17
2023-01-29,S2,1,32118.07
2023-02-05,S2,0,24570.13
2023-02-12,S2,0,30603.79
2023-02-19,S2,1,31601.34
2023-02-26,S2,0,29499.35
2023-03-05,S2,0,27748.51
2023-03-12,S2,1,30495.57
2023-03-19,S2,0,27736.03
2023-03-26,S2,0,29998.28
2023-04-02,S2,0,27313.46
2023-04-09,S2,0,27195.48
2023-04-16,S2,0,29013.6
2023-04-23,S2,0,28167.31
2023-04-30,S2,1,31444.77
2023-05-07,S2,0,28515.04
2023-05-14,S2,0,26211.09
2023-05-21,S2,1,27870.7
2023-05-28,S2,0,27541.9
2023-06-04,S2,1,29239.8
2023-06-11,S2,0,25334.97
2023-06-18,S2,1,27290.44
2023-06-25,S2,1,30082.5
2023-07-02,S2,0,23345.95
2023-07-09,S2,1,28220.63
2023-07-16,S2,0,29900.86
2023-07-23,S2,0,25160.0
2023-07-30,S2,1,29929.89
2023-08-06,S2,1,25158.99
2023-08-13,S2,0,28082.68
2023-08-20,S2,1,28132.32
2023-08-27,S2,0,24967.43
2023-09-03,S2,1,31029.81
2023-09-10,S2,1,27900.59
2023-09-17,S2,1,28457.33
2023-09-24,S2,0,27359.75
2023-10-01,S2,0,29155.23
2023-10-08,S2,1,31150.02
2023-10-15,S2,0,25765.86
2023-10-22,S2,1,31831.55
2023-10-29,S2,1,29245.4
2023-11-05,S2,1,31908.92
2023-11-12,S2,1,29887.31
2023-11-19,S2,1,31541.53
2023-11-26,S2,1,32472.75
2023-12-03,S2,0,29607.0
2023-12-10,S2,1,31731.21
2023-12-17,S2,1,30168.22
2023-12-24,S2,1,30195.38
2023-12-31,S2,1,30326.49
2024-01-07,S2,1,31447.73
2024-01-14,S2,1,27392.08
2024-01-21,S2,0,26049.69
2024-01-28,S2,1,30019.16
2024-02-04,S2,1,27441.88
2024-02-11,S2,0,26195.21
2024-02-18,S2,1,29499.63
2024-02-25,S2,1,28078.26
2024-03-03,S2,0,24274.98
2024-03-10,S2,1,29645.28
2024-03-17,S2,1,29191.21
2024-03-24,S2,0,23319.93
2024-03-31,S2,0,26660.26
2024-04-07,S2,1,28142.65
2024-04-14,S2,1,25287.82
2024-04-21,S2,0,25308.14
2024-04-28,S2,1,26753.15
2024-05-05,S2,1,28962.33
2024-05-12,S2,0,28559.56
2024-05-19,S2,0,25258.58
2024-05-26,S2,0,25952.68
2024-06-02,S2,0,27939.02
2024-06-09,S2,1,29069.75
2024-06-16,S2,0,27368.88
2024-06-23,S2,1,31076.12
2024-06-30,S2,0,27377.91
2024-07-07,S2,0,29917.22
2024-07-14,S2,0,28821.72
2024-07-21,S2,1,33903.93
2024-07-28,S2,1,33934.84
2024-08-04,S2,0,29439.87
2024-08-11,S2,0,26910.19
2024-08-18,S2,1,30682.81
2024-08-25,S2,1,32275.19
2024-09-01,S2,1,34512.7
2024-09-08,S2,0,29801.2
2024-09-15,S2,1,32996.01
2024-09-22,S2,1,29576.78
2024-09-29,S2,1,32859.83
2024-10-06,S2,0,28348.93
2024-10-13,S2,1,30437.16
2024-10-20,S2,1,29682.17
2024-10-27,S2,0,27428.79
2024-11-03,S2,1,27869.11
2024-11-10,S2,0,24259.24
2024-11-17,S2,0,25880.1
2024-11-24,S2,1,28253.7
2024-12-01,S2,1,28832.03
2024-12-08,S2,1,26971.86
2024-12-15,S2,1,27393.34
2024-12-22,S2,0,24080.11
2024-12-29,S2,0,21965.91
2025-01-05,S2,1,26580.65
2025-01-12,S2,1,25260.16
2025-01-19,S2,0,26693.81
2025-01-26,S2,1,27661.54
2025-02-02,S2,0,25893.35
2025-02-09,S2,1,28030.32
2025-02-16,S2,1,30334.4
2025-02-23,S2,1,28637.55
2025-03-02,S2,1,28486.25
2025-03-09,S2,0,28754.41
2025-03-16,S2,0,27065.18
2025-03-23,S2,0,26023.89
2025-03-30,S2,0,28520.68
2025-04-06,S2,0,28766.63
2025-04-13,S2,1,30802.55
2023-01-01,S3,1,12956.76
2023-01-08,S3,1,12418.29
2023-01-15,S3,0,7369.76
2023-01-22,S3,0,12679.83
2023-01-29,S3,1,14145.42
2023-02-05,S3,0,14543.01
2023-02-12,S3,0,11187.03
2023-02-19,S3,1,15167.49
2023-02-26,S3,0,11805.28
2023-03-05,S3,1,13158.39
2023-03-12,S3,1,17437.0
2023-03-19,S3,0,12567.82
2023-03-26,S3,0,11950.65
2023-04-02,S3,0,11190.26
2023-04-09,S3,1,14688.07
2023-04-16,S3,1,14056.08
2023-04-23,S3,1,13355.19
2023-04-30,S3,0,10238.9
2023-05-07,S3,0,10806.83
2023-05-14,S3,0,10863.46
2023-05-21,S3,0,10647.42
2023-05-28,S3,0,6255.54
2023-06-04,S3,0,9578.45
2023-06-11,S3,0,9313.6
2023-06-18,S3,1,11967.56
2023-06-25,S3,0,8735.76
2023-07-02,S3,0,7853.04
2023-07-09,S3,0,7147.6
2023-07-16,S3,0,7452.49
2023-07-23,S3,0,8689.01
2023-07-30,S3,1,11781.04
2023-08-06,S3,0,7327.19
2023-08-13,S3,0,10465.13
2023-08-20,S3,0,9821.12
2023-08-27,S3,1,9710.98
2023-09-03,S3,1,15409.87
2023-09-10,S3,0,12258.2
2023-09-17,S3,1,14823.99
2023-09-24,S3,0,9341.96
2023-10-01,S3,0,11181.81
2023-10-08,S3,0,11316.05
2023-10-15,S3,0,11195.01
2023-10-22,S3,1,16520.84
2023-10-29,S3,0,11948.43
2023-11-05,S3,0,11418.69
2023-11-12,S3,0,12937.88
2023-11-19,S3,0,9106.44
2023-11-26,S3,1,16134.46
2023-12-03,S3,1,15203.46
2023-12-10,S3,1,13705.35
2023-12-17,S3,1,13101.98
2023-12-24,S3,0,10580.32
2023-12-31,S3,1,16165.2
2024-01-07,S3,1,14095.39
2024-01-14,S3,0,14280.46
2024-01-21,S3,0,11563.39
2024-01-28,S3,1,13152.27
2024-02-04,S3,0,9479.33
2024-02-11,S3,1,14498.22
2024-02-18,S3,1,13402.08
2024-02-25,S3,1,12230.3
2024-03-03,S3,0,10277.04
2024-03-10,S3,1,11062.13
2024-03-17,S3,0,7060.34
2024-03-24,S3,1,12944.88
2024-03-31,S3,0,5246.41
2024-04-07,S3,0,8325.69
2024-04-14,S3,0,7844.73
2024-04-21,S3,1,14554.33
2024-04-28,S3,0,9242.09
2024-05-05,S3,0,7919.88
2024-05-12,S3,1,13269.34
2024-05-19,S3,1,12026.03
2024-05-26,S3,1,13662.4
2024-06-02,S3,0,12457.86
2024-06-09,S3,1,13665.13
2024-06-16,S3,0,9111.31
2024-06-23,S3,0,9667.05
2024-06-30,S3,0,11739.97
2024-07-07,S3,1,14752.94
2024-07-14,S3,1,13390.99
2024-07-21,S3,0,10231.86
2024-07-28,S3,0,11608.49
2024-08-04,S3,0,11404.17
2024-08-11,S3,1,15381.91
2024-08-18,S3,0,14428.38
2024-08-25,S3,1,15852.99
2024-09-01,S3,1,15310.76
2024-09-08,S3,1,17392.81
2024-09-15,S3,0,11856.07
2024-09-22,S3,1,13696.72
2024-09-29,S3,0,11307.42
2024-10-06,S3,1,16110.04
2024-10-13,S3,0,11404.24
2024-10-20,S3,1,15644.03
2024-10-27,S3,1,15008.62
2024-11-03,S3,0,7815.79
2024-11-10,S3,1,11595.1
2024-11-17,S3,1,13444.69
2024-11-24,S3,0,9356.59
2024-12-01,S3,1,11604.18
2024-12-08,S3,0,6478.16
2024-12-15,S3,1,9118.33
2024-12-22,S3,1,12329.98
2024-12-29,S3,0,8798.15
2025-01-05,S3,1,14434.86
2025-01-12,S3,1,11038.41
2025-01-19,S3,0,10051.04
2025-01-26,S3,1,10578.5
2025-02-02,S3,0,9761.83
2025-02-09,S3,1,12481.25
2025-02-16,S3,1,11308.83
2025-02-23,S3,0,8543.84
2025-03-02,S3,0,11128.12
2025-03-09,S3,0,12924.49
2025-03-16,S3,0,11157.93
2025-03-23,S3,0,11084.11
2025-03-30,S3,1,12718.91
2025-04-06,S3,0,12867.31
2025-04-13,S3,0,15893.17
2023-01-01,S4,0,13988.87
2023-01-08,S4,0,15502.47
2023-01-15,S4,1,18426.83
2023-01-22,S4,1,20440.85
2023-01-29,S4,1,20568.51
2023-02-05,S4,1,20140.61
2023-02-12,S4,0,16063.04
2023-02-19,S4,1,23331.4
2023-02-26,S4,0,17243.28
2023-03-05,S4,1,18722.17
2023-03-12,S4,1,21173.56
2023-03-19,S4,0,15766.45
2023-03-26,S4,1,20057.65
2023-04-02,S4,1,18732.89
2023-04-09,S4,1,19882.64
2023-04-16,S4,1,19373.0
2023-04-23,S4,0,16413.63
2023-04-30,S4,1,18803.39
2023-05-07,S4,0,14173.22
2023-05-14,S4,1,20343.01
2023-05-21,S4,1,18112.83
2023-05-28,S4,1,16670.58
2023-06-04,S4,0,12494.73
2023-06-11,S4,1,15473.86
2023-06-18,S4,1,16824.1
2023-06-25,S4,0,11083.43
2023-07-02,S4,0,9765.93
2023-07-09,S4,1,16258.08
2023-07-16,S4,0,10622.51
2023-07-23,S4,1,17495.53
2023-07-30,S4,1,17130.07
2023-08-06,S4,0,12003.79
2023-08-13,S4,0,14350.17
2023-08-20,S4,1,14929.35
2023-08-27,S4,1,17604.4
2023-09-03,S4,0,13589.28
2023-09-10,S4,1,19202.03
2023-09-17,S4,0,13496.96
2023-09-24,S4,1,19384.7
2023-10-01,S4,1,19496.42
2023-10-08,S4,1,18167.45
2023-10-15,S4,1,16289.91
2023-10-22,S4,1,20344.5
2023-10-29,S4,1,17814.04
2023-11-05,S4,0,16380.68
2023-11-12,S4,0,16840.9
2023-11-19,S4,0,15036.54
2023-11-26,S4,0,16497.81
2023-12-03,S4,1,18774.98
2023-12-10,S4,1,21902.75
2023-12-17,S4,0,17062.3
2023-12-24,S4,1,22140.83
2023-12-31,S4,1,19216.02
2024-01-07,S4,0,16517.13
2024-01-14,S4,0,16127.82
2024-01-21,S4,0,13703.14
2024-01-28,S4,1,19621.89
2024-02-04,S4,1,18110.71
2024-02-11,S4,1,15923.24
2024-02-18,S4,0,14905.0
2024-02-25,S4,0,9723.46
2024-03-03,S4,0,15365.39
2024-03-10,S4,0,12046.66
2024-03-17,S4,1,17585.55
2024-03-24,S4,0,11927.04
2024-03-31,S4,0,13416.3
2024-04-07,S4,0,15287.91
2024-04-14,S4,0,13421.28
2024-04-21,S4,0,14152.76
2024-04-28,S4,0,11216.13
2024-05-05,S4,0,12826.15
2024-05-12,S4,1,17480.47
2024-05-19,S4,0,14257.08
2024-05-26,S4,0,13733.01
2024-06-02,S4,0,14567.8
2024-06-09,S4,1,13110.32
2024-06-16,S4,0,16015.99
2024-06-23,S4,0,16049.01
2024-06-30,S4,0,18156.08
2024-07-07,S4,1,19449.34
2024-07-14,S4,0,17807.15
2024-07-21,S4,0,17003.97
2024-07-28,S4,0,12977.68
2024-08-04,S4,0,16045.22
2024-08-11,S4,1,19304.08
2024-08-18,S4,1,21053.4
2024-08-25,S4,0,18746.25
2024-09-01,S4,0,16279.47
2024-09-08,S4,1,20337.45
2024-09-15,S4,1,21639.52
2024-09-22,S4,1,18465.47
2024-09-29,S4,0,17155.78
2024-10-06,S4,1,18944.47
2024-10-13,S4,0,14826.39
2024-10-20,S4,0,15480.41
2024-10-27,S4,0,15738.1
2024-11-03,S4,0,13737.21
2024-11-10,S4,1,17462.4
2024-11-17,S4,0,16517.4
2024-11-24,S4,0,14542.84
2024-12-01,S4,0,13134.5
2024-12-08,S4,1,16883.75
2024-12-15,S4,0,13214.17
2024-12-22,S4,1,14278.24
2024-12-29,S4,1,14145.21
2025-01-05,S4,0,12253.09
2025-01-12,S4,0,15987.58
2025-01-19,S4,0,12518.23
2025-01-26,S4,0,12524.31
2025-02-02,S4,0,16078.78
2025-02-09,S4,1,15361.2
2025-02-16,S4,0,18264.48
2025-02-23,S4,1,15829.79
2025-03-02,S4,1,17757.19
2025-03-09,S4,0,16421.45
2025-03-16,S4,1,21235.41
2025-03-23,S4,0,14973.08
2025-03-30,S4,1,20244.21
2025-04-06,S4,0,14760.84
2025-04-13,S4,0,13877.84
2023-01-01,S5,1,28611.02
2023-01-08,S5,0,28179.35
2023-01-15,S5,0,23316.59
2023-01-22,S5,0,26770.69
2023-01-29,S5,0,27706.27
2023-02-05,S5,1,34137.35
2023-02-12,S5,0,30382.03
2023-02-19,S5,0,29188.12
2023-02-26,S5,1,31068.51
2023-03-05,S5,1,32284.52
2023-03-12,S5,0,29623.56
2023-03-19,S5,0,28954.8
2023-03-26,S5,0,30684.14
2023-04-02,S5,1,32673.29
2023-04-09,S5,0,29042.12
2023-04-16,S5,1,31448.92
2023-04-23,S5,0,28397.99
2023-04-30,S5,0,27052.99
2023-05-07,S5,0,25225.79
2023-05-14,S5,0,26789.65
2023-05-21,S5,1,28954.58
2023-05-28,S5,1,33457.2
2023-06-04,S5,1,31331.65
2023-06-11,S5,1,30294.81
2023-06-18,S5,1,27683.6
2023-06-25,S5,1,24827.09
2023-07-02,S5,0,26357.0
2023-07-09,S5,1,28649.92
2023-07-16,S5,1,30361.16
2023-07-23,S5,0,25965.4
2023-07-30,S5,0,24050.51
2023-08-06,S5,0,23937.46
2023-08-13,S5,1,28902.4
2023-08-20,S5,1,28031.78
2023-08-27,S5,0,25247.62
2023-09-03,S5,0,25444.6
2023-09-10,S5,0,24568.24
2023-09-17,S5,1,29852.69
2023-09-24,S5,1,32138.7
2023-10-01,S5,1,31247.56
2023-10-08,S5,0,27011.33
2023-10-15,S5,1,31241.79
2023-10-22,S5,0,29765.97
2023-10-29,S5,1,31782.77
2023-11-05,S5,0,29124.68
2023-11-12,S5,0,30442.98
2023-11-19,S5,1,29623.84
2023-11-26,S5,1,32779.82
2023-12-03,S5,0,30219.44
2023-12-10,S5,1,32914.01
2023-12-17,S5,0,27942.17
2023-12-24,S5,0,29802.27
2023-12-31,S5,1,30911.46
2024-01-07,S5,1,33156.96
2024-01-14,S5,0,27326.66
2024-01-21,S5,0,30342.85
2024-01-28,S5,0,27023.33
2024-02-04,S5,0,27658.47
2024-02-11,S5,0,22780.21
2024-02-18,S5,0,25223.43
2024-02-25,S5,0,25754.75
2024-03-03,S5,1,29397.0
2024-03-10,S5,1,28318.17
2024-03-17,S5,0,24031.83
2024-03-24,S5,1,27994.98
2024-03-31,S5,0,25169.87
2024-04-07,S5,1,31740.48
2024-04-14,S5,1,25045.85
2024-04-21,S5,0,25485.17
2024-04-28,S5,1,27455.09
2024-05-05,S5,0,27031.31
2024-05-12,S5,1,28967.81
2024-05-19,S5,1,29136.62
2024-05-26,S5,0,26442.23
2024-06-02,S5,0,26633.84
2024-06-09,S5,1,30623.73
2024-06-16,S5,1,28732.57
2024-06-23,S5,1,29329.31
2024-06-30,S5,0,29517.63
2024-07-07,S5,0,28882.96
2024-07-14,S5,0,26621.36
2024-07-21,S5,0,31662.7
2024-07-28,S5,0,29412.7
2024-08-04,S5,1,33567.67
2024-08-11,S5,1,31539.43
2024-08-18,S5,0,29645.59
2024-08-25,S5,1,32791.03
2024-09-01,S5,0,31657.04
2024-09-08,S5,1,32655.84
2024-09-15,S5,1,30428.52
2024-09-22,S5,0,26431.11
2024-09-29,S5,1,33809.51
2024-10-06,S5,1,27134.23
2024-10-13,S5,0,27279.88
2024-10-20,S5,0,27104.74
2024-10-27,S5,0,28200.13
2024-11-03,S5,0,24842.92
2024-11-10,S5,0,26384.96
2024-11-17,S5,1,28684.33
2024-11-24,S5,1,30795.07
2024-12-01,S5,1,29210.56
2024-12-08,S5,0,25674.81
2024-12-15,S5,0,23476.36
2024-12-22,S5,1,28408.12
2024-12-29,S5,1,29249.59
2025-01-05,S5,0,22838.0
2025-01-12,S5,1,29625.88
2025-01-19,S5,0,25533.13
2025-01-26,S5,1,27554.65
2025-02-02,S5,1,29640.95
2025-02-09,S5,0,27067.27
2025-02-16,S5,1,29021.55
2025-02-23,S5,0,27051.86
2025-03-02,S5,0,28159.28
2025-03-09,S5,1,32138.45
2025-03-16,S5,1,30308.45
2025-03-23,S5,1,34273.42
2025-03-30,S5,0,27681.83
2025-04-06,S5,0,28737.34
2025-04-13,S5,0,29143.67
2023-01-01,S6,0,25691.61
2023-01-08,S6,0,26345.27
2023-01-15,S6,1,32226.96
2023-01-22,S6,0,26489.17
2023-01-29,S6,1,27920.84
2023-02-05,S6,0,26525.1
2023-02-12,S6,0,29638.78
2023-02-19,S6,1,29711.42
2023-02-26,S6,1,29719.5
2023-03-05,S6,1,30067.31
2023-03-12,S6,1,32667.83
2023-03-19,S6,1,27847.94
2023-03-26,S6,0,24648.89
2023-04-02,S6,1,28775.32
2023-04-09,S6,1,27775.7
2023-04-16,S6,0,25846.97
2023-04-23,S6,1,28138.81
2023-04-30,S6,0,28158.68
2023-05-07,S6,0,26314.69
2023-05-14,S6,0,24196.94
2023-05-21,S6,1,26661.38
2023-05-28,S6,0,24984.87
2023-06-04,S6,0,26102.25
2023-06-11,S6,0,25421.41
2023-06-18,S6,1,27274.47
2023-06-25,S6,1,26559.73
2023-07-02,S6,0,26948.91
2023-07-09,S6,0,21153.19
2023-07-16,S6,0,25570.96
2023-07-23,S6,0,21567.02
2023-07-30,S6,1,26039.84
2023-08-06,S6,1,26619.16
2023-08-13,S6,1,28017.52
2023-08-20,S6,0,25339.6
2023-08-27,S6,0,23289.29
2023-09-03,S6,0,25011.35
2023-09-10,S6,1,27693.53
2023-09-17,S6,0,28748.94
2023-09-24,S6,0,24070.22
2023-10-01,S6,0,26451.99
2023-10-08,S6,0,24701.04
2023-10-15,S6,0,25235.19
2023-10-22,S6,1,31470.68
2023-10-29,S6,0,28164.75
2023-11-05,S6,1,28837.86
2023-11-12,S6,1,29815.28
2023-11-19,S6,0,26773.79
2023-11-26,S6,1,30333.28
2023-12-03,S6,1,30206.81
2023-12-10,S6,0,27993.36
2023-12-17,S6,1,30268.05
2023-12-24,S6,1,32117.23
2023-12-31,S6,1,27925.49
2024-01-07,S6,1,28213.17
2024-01-14,S6,1,28293.24
2024-01-21,S6,0,26126.33
2024-01-28,S6,1,30816.62
2024-02-04,S6,0,26063.21
2024-02-11,S6,1,25148.82
2024-02-18,S6,1,28062.57
2024-02-25,S6,0,24937.6
2024-03-03,S6,1,30559.25
2024-03-10,S6,1,28351.61
2024-03-17,S6,0,22548.74
2024-03-24,S6,1,26716.19
2024-03-31,S6,0,22614.41
2024-04-07,S6,0,24286.63
2024-04-14,S6,0,22147.99
2024-04-21,S6,0,24017.72
2024-04-28,S6,0,21406.74
2024-05-05,S6,1,27606.78
2024-05-12,S6,1,28872.18
2024-05-19,S6,0,25920.01
2024-05-26,S6,0,25253.67
2024-06-02,S6,0,23166.63
2024-06-09,S6,0,27302.45
2024-06-16,S6,1,29435.87
2024-06-23,S6,1,31522.42
2024-06-30,S6,1,30617.03
2024-07-07,S6,0,25514.06
2024-07-14,S6,1,30943.61
2024-07-21,S6,0,26780.06
2024-07-28,S6,0,27919.11
2024-08-04,S6,1,28153.06
2024-08-11,S6,1,29302.11
2024-08-18,S6,0,28306.29
2024-08-25,S6,1,30316.27
2024-09-01,S6,0,26485.68
2024-09-08,S6,0,30311.44
2024-09-15,S6,1,32363.45
2024-09-22,S6,0,27013.89
2024-09-29,S6,0,28048.05
2024-10-06,S6,0,25238.38
2024-10-13,S6,0,26048.03
2024-10-20,S6,1,30518.47
2024-10-27,S6,1,31598.7
2024-11-03,S6,0,21987.93
2024-11-10,S6,0,25779.02
2024-11-17,S6,1,26585.43
2024-11-24,S6,0,25267.55
2024-12-01,S6,0,23382.19
2024-12-08,S6,0,22971.99
2024-12-15,S6,1,26214.26
2024-12-22,S6,1,25099.95
2024-12-29,S6,1,27263.62
2025-01-05,S6,0,23532.84
2025-01-12,S6,1,28383.44
2025-01-19,S6,0,19942.78
2025-01-26,S6,0,23318.98
2025-02-02,S6,1,27711.45
2025-02-09,S6,1,29454.2
2025-02-16,S6,1,26997.68
2025-02-23,S6,1,28681.24
2025-03-02,S6,0,23151.5
2025-03-09,S6,1,26892.84
2025-03-16,S6,1,30004.14
2025-03-23,S6,1,30094.96
2025-03-30,S6,0,26220.47
2025-04-06,S6,0,24869.04
2025-04-13,S6,0,27317.7
2023-01-01,S7,0,29364.07
2023-01-08,S7,0,30668.96
2023-01-15,S7,1,33546.36
2023-01-22,S7,1,32754.41
2023-01-29,S7,1,32570.76
2023-02-05,S7,1,32752.08
2023-02-12,S7,0,31046.62
2023-02-19,S7,1,33911.81
2023-02-26,S7,1,31187.54
2023-03-05,S7,0,31352.97
2023-03-12,S7,1,34164.83
2023-03-19,S7,1,34823.82
2023-03-26,S7,1,31422.24
2023-04-02,S7,0,32887.92
2023-04-09,S7,1,32538.26
2023-04-16,S7,0,28516.98
2023-04-23,S7,0,27849.64
2023-04-30,S7,1,33652.87
2023-05-07,S7,1,33643.49
2023-05-14,S7,0,28069.86
2023-05-21,S7,0,27700.36
2023-05-28,S7,1,27083.13
2023-06-04,S7,1,30463.22
2023-06-11,S7,1,31682.31
2023-06-18,S7,0,28950.14
2023-06-25,S7,0,28242.34
2023-07-02,S7,0,26783.84
2023-07-09,S7,0,28286.74
2023-07-16,S7,1,30792.61
2023-07-23,S7,1,28578.82
2023-07-30,S7,1,28116.89
2023-08-06,S7,1,29932.09
2023-08-13,S7,1,30658.4
2023-08-20,S7,0,24597.51
2023-08-27,S7,1,32623.14
2023-09-03,S7,0,29206.99
2023-09-10,S7,1,31157.62
2023-09-17,S7,1,33017.7
2023-09-24,S7,1,32043.54
2023-10-01,S7,0,30793.92
2023-10-08,S7,0,29516.02
2023-10-15,S7,0,29739.8
2023-10-22,S7,1,32450.22
2023-10-29,S7,1,33376.16
2023-11-05,S7,1,31883.3
2023-11-12,S7,0,31799.64
2023-11-19,S7,0,30358.62
2023-11-26,S7,1,33277.6
2023-12-03,S7,0,27521.01
2023-12-10,S7,1,34960.34
2023-12-17,S7,0,32325.48
2023-12-24,S7,1,32600.68
2023-12-31,S7,0,32966.73
2024-01-07,S7,1,32420.06
2024-01-14,S7,0,29603.76
2024-01-21,S7,0,29854.59
2024-01-28,S7,1,33175.36
2024-02-04,S7,0,27542.35
2024-02-11,S7,0,27284.01
2024-02-18,S7,0,28075.95
2024-02-25,S7,1,31698.32
2024-03-03,S7,0,29326.69
2024-03-10,S7,1,29042.79
2024-03-17,S7,0,24807.2
2024-03-24,S7,0,27285.16
2024-03-31,S7,1,30466.92
2024-04-07,S7,1,29719.22
2024-04-14,S7,0,27514.02
2024-04-21,S7,0,28447.51
2024-04-28,S7,0,30437.79
2024-05-05,S7,0,25621.53
2024-05-12,S7,1,29066.06
2024-05-19,S7,0,29211.34
2024-05-26,S7,0,27739.37
2024-06-02,S7,0,27034.27
2024-06-09,S7,0,29923.35
2024-06-16,S7,1,31531.09
2024-06-23,S7,1,33161.74
2024-06-30,S7,0,29208.84
2024-07-07,S7,0,29866.59
2024-07-14,S7,1,35578.59
2024-07-21,S7,0,31206.75
2024-07-28,S7,1,33203.85
2024-08-04,S7,1,32567.65
2024-08-11,S7,0,30959.03
2024-08-18,S7,0,28586.14
2024-08-25,S7,1,33558.25
2024-09-01,S7,1,32825.05
2024-09-08,S7,1,34166.83
2024-09-15,S7,0,32315.33
2024-09-22,S7,1,33143.61
2024-09-29,S7,0,28346.55
2024-10-06,S7,0,29472.39
2024-10-13,S7,1,30083.21
2024-10-20,S7,0,28318.6
2024-10-27,S7,0,29091.09
2024-11-03,S7,1,30273.17
2024-11-10,S7,1,31538.68
2024-11-17,S7,1,26245.73
2024-11-24,S7,1,29570.33
2024-12-01,S7,1,27561.35
2024-12-08,S7,0,27085.13
2024-12-15,S7,0,25657.24
2024-12-22,S7,0,26736.73
2024-12-29,S7,1,32164.77
2025-01-05,S7,1,29644.7
2025-01-12,S7,1,31901.0
2025-01-19,S7,1,31012.92
2025-01-26,S7,1,29248.06
2025-02-02,S7,0,28201.27
2025-02-09,S7,0,24557.89
2025-02-16,S7,0,27956.13
2025-02-23,S7,1,33781.63
2025-03-02,S7,0,28953.69
2025-03-09,S7,1,30972.76
2025-03-16,S7,1,29510.5
2025-03-23,S7,1,34175.69
2025-03-30,S7,0,33279.71
2025-04-06,S7,0,30041.23
2025-04-13,S7,1,32738.2
2023-01-01,S8,1,32544.84
2023-01-08,S8,0,33333.2
2023-01-15,S8,1,30871.16
2023-01-22,S8,1,32787.88
2023-01-29,S8,1,33944.93
2023-02-05,S8,0,31217.84
2023-02-12,S8,0,32088.86
2023-02-19,S8,1,33051.01
2023-02-26,S8,1,35696.6
2023-03-05,S8,0,31820.59
2023-03-12,S8,0,30251.56
2023-03-19,S8,1,34919.16
2023-03-26,S8,1,35137.96
2023-04-02,S8,0,32338.58
2023-04-09,S8,1,35679.58
2023-04-16,S8,0,31131.85
2023-04-23,S8,1,32842.5
2023-04-30,S8,1,33105.32
2023-05-07,S8,1,32392.7
2023-05-14,S8,0,28374.22
2023-05-21,S8,1,29970.06
2023-05-28,S8,0,28773.97
2023-06-04,S8,0,27324.62
2023-06-11,S8,1,30961.35
2023-06-18,S8,0,28883.98
2023-06-25,S8,0,29228.79
2023-07-02,S8,1,30314.39
2023-07-09,S8,1,31679.05
2023-07-16,S8,1,29655.95
2023-07-23,S8,0,29637.32
2023-07-30,S8,1,31812.44
2023-08-06,S8,1,32419.27
2023-08-13,S8,1,33232.06
2023-08-20,S8,1,32004.97
2023-08-27,S8,1,32252.31
2023-09-03,S8,0,29031.68
2023-09-10,S8,1,32819.85
2023-09-17,S8,1,32127.83
2023-09-24,S8,0,27548.53
2023-10-01,S8,1,32445.84
2023-10-08,S8,1,32637.14
2023-10-15,S8,0,30515.56
2023-10-22,S8,0,31645.7
2023-10-29,S8,0,30269.47
2023-11-05,S8,0,32836.25
2023-11-12,S8,1,33655.82
2023-11-19,S8,0,33026.32
2023-11-26,S8,1,36409.97
2023-12-03,S8,1,39668.57
2023-12-10,S8,0,33312.78
2023-12-17,S8,0,30288.66
2023-12-24,S8,1,34279.35
2023-12-31,S8,1,36767.37
2024-01-07,S8,1,36160.58
2024-01-14,S8,0,28768.71
2024-01-21,S8,0,31069.21
2024-01-28,S8,1,30779.39
2024-02-04,S8,0,30036.4
2024-02-11,S8,1,33703.95
2024-02-18,S8,0,29779.1
2024-02-25,S8,0,27262.94
2024-03-03,S8,1,31319.13
2024-03-10,S8,1,28245.67
2024-03-17,S8,1,32179.53
2024-03-24,S8,1,32243.92
2024-03-31,S8,0,29516.75
2024-04-07,S8,0,28713.45
2024-04-14,S8,1,29865.43
2024-04-21,S8,0,28125.93
2024-04-28,S8,0,27370.75
2024-05-05,S8,0,31224.69
2024-05-12,S8,1,29200.92
2024-05-19,S8,0,27262.6
2024-05-26,S8,0,30412.06
2024-06-02,S8,1,32935.11
2024-06-09,S8,0,28277.98
2024-06-16,S8,1,34419.09
2024-06-23,S8,0,33011.76
2024-06-30,S8,0,29322.16
2024-07-07,S8,0,31466.14
2024-07-14,S8,0,31369.5
2024-07-21,S8,0,33628.29
2024-07-28,S8,1,34547.52
2024-08-04,S8,1,35665.7
2024-08-11,S8,0,30659.59
2024-08-18,S8,1,33612.81
2024-08-25,S8,1,36576.93
2024-09-01,S8,1,36965.97
2024-09-08,S8,0,31756.01
2024-09-15,S8,0,30895.77
2024-09-22,S8,0,32198.14
2024-09-29,S8,1,32384.77
2024-10-06,S8,0,31297.71
2024-10-13,S8,0,29974.98
2024-10-20,S8,0,31519.33
2024-10-27,S8,0,30716.43
2024-11-03,S8,0,26354.85
2024-11-10,S8,1,32322.49
2024-11-17,S8,0,26367.29
2024-11-24,S8,1,30422.05
2024-12-01,S8,1,31223.61
2024-12-08,S8,0,30464.89
2024-12-15,S8,1,29683.73
2024-12-22,S8,1,31630.35
2024-12-29,S8,1,31412.38
2025-01-05,S8,1,31475.18
2025-01-12,S8,0,30507.91
2025-01-19,S8,0,29781.41
2025-01-26,S8,1,32519.57
2025-02-02,S8,0,29904.45
2025-02-09,S8,0,30537.9
2025-02-16,S8,0,29425.11
2025-02-23,S8,0,29646.08
2025-03-02,S8,0,26768.15
2025-03-09,S8,0,29125.34
2025-03-16,S8,1,31671.93
2025-03-23,S8,1,34514.53
2025-03-30,S8,0,30994.29
2025-04-06,S8,1,34730.56
2025-04-13,S8,0,32980.31
2023-01-01,S9,1,32970.02
2023-01-08,S9,0,31611.16
2023-01-15,S9,1,33545.3
2023-01-22,S9,0,30292.18
2023-01-29,S9,1,33461.56
2023-02-05,S9,1,34664.06
2023-02-12,S9,1,34174.32
2023-02-19,S9,1,35253.72
2023-02-26,S9,1,34096.12
2023-03-05,S9,0,34694.27
2023-03-12,S9,0,34640.93
2023-03-19,S9,0,33034.04
2023-03-26,S9,0,31697.41
2023-04-02,S9,0,30696.52
2023-04-09,S9,1,35769.48
2023-04-16,S9,1,34154.54
2023-04-23,S9,0,32974.03
2023-04-30,S9,1,33109.13
2023-05-07,S9,0,31748.22
2023-05-14,S9,0,31764.86
2023-05-21,S9,0,28593.25
2023-05-28,S9,0,29844.74
2023-06-04,S9,1,33693.7
2023-06-11,S9,0,26823.73
2023-06-18,S9,1,30067.75
2023-06-25,S9,0,27866.49
2023-07-02,S9,1,28985.33
2023-07-09,S9,1,28593.91
2023-07-16,S9,0,28410.32
2023-07-23,S9,1,31923.01
2023-07-30,S9,1,32822.94
2023-08-06,S9,0,25535.48
2023-08-13,S9,0,27882.46
2023-08-20,S9,1,32663.43
2023-08-27,S9,0,28828.3
2023-09-03,S9,1,32462.01
2023-09-10,S9,0,27040.55
2023-09-17,S9,1,32790.88
2023-09-24,S9,0,30835.76
2023-10-01,S9,1,34573.33
2023-10-08,S9,0,29923.02
2023-10-15,S9,1,35413.73
2023-10-22,S9,0,28826.37
2023-10-29,S9,1,35441.69
2023-11-05,S9,0,31324.17
2023-11-12,S9,0,30037.1
2023-11-19,S9,0,30143.02
2023-11-26,S9,0,31709.31
2023-12-03,S9,0,33029.29
2023-12-10,S9,1,33940.34
2023-12-17,S9,0,31900.23
2023-12-24,S9,1,36083.82
2023-12-31,S9,0,29091.15
2024-01-07,S9,0,31565.4
2024-01-14,S9,1,35329.72
2024-01-21,S9,1,32079.96
2024-01-28,S9,1,32275.99
2024-02-04,S9,0,29712.66
2024-02-11,S9,0,30223.74
2024-02-18,S9,0,29174.05
2024-02-25,S9,0,29980.9
2024-03-03,S9,1,31546.46
2024-03-10,S9,0,27338.42
2024-03-17,S9,1,28814.46
2024-03-24,S9,1,33028.4
2024-03-31,S9,1,31244.94
2024-04-07,S9,1,29671.76
2024-04-14,S9,0,30643.12
2024-04-21,S9,0,27002.17
2024-04-28,S9,1,32081.41
2024-05-05,S9,1,33322.87
2024-05-12,S9,0,29575.29
2024-05-19,S9,1,32741.29
2024-05-26,S9,1,31957.29
2024-06-02,S9,1,32305.28
2024-06-09,S9,1,31381.77
2024-06-16,S9,0,31387.69
2024-06-23,S9,0,32720.08
2024-06-30,S9,1,35204.46
2024-07-07,S9,1,33661.32
2024-07-14,S9,0,32075.68
2024-07-21,S9,1,34005.12
2024-07-28,S9,0,30168.16
2024-08-04,S9,0,30563.22
2024-08-11,S9,0,33288.51
2024-08-18,S9,1,33497.91
2024-08-25,S9,1,34139.8
2024-09-01,S9,0,31871.81
2024-09-08,S9,1,35914.62
2024-09-15,S9,0,32705.69
2024-09-22,S9,1,33222.02
2024-09-29,S9,1,32528.95
2024-10-06,S9,0,30327.37
2024-10-13,S9,0,26858.37
2024-10-20,S9,1,32242.98
2024-10-27,S9,0,30902.82
2024-11-03,S9,1,31500.41
2024-11-10,S9,1,32976.63
2024-11-17,S9,0,27653.65
2024-11-24,S9,0,27814.16
2024-12-01,S9,0,26704.38
2024-12-08,S9,0,27058.71
2024-12-15,S9,1,29636.4
2024-12-22,S9,0,27219.64
2024-12-29,S9,0,28236.91
2025-01-05,S9,1,31664.58
2025-01-12,S9,1,31144.4
2025-01-19,S9,1,28965.41
2025-01-26,S9,1,30864.33
2025-02-02,S9,0,28110.25
2025-02-09,S9,1,34128.38
2025-02-16,S9,1,33510.45
2025-02-23,S9,0,30631.13
2025-03-02,S9,0,30905.27
2025-03-09,S9,1,34550.32
2025-03-16,S9,1,33360.35
2025-03-23,S9,1,34590.32
2025-03-30,S9,1,34513.79
2025-04-06,S9,0,31379.43
2025-04-13,S9,1,33563.83
2023-01-01,S10,1,27170.49
2023-01-08,S10,0,24788.32
2023-01-15,S10,1,26233.78
2023-01-22,S10,1,24564.75
2023-01-29,S10,1,26339.24
2023-02-05,S10,0,25600.03
2023-02-12,S10,1,29507.29
2023-02-19,S10,1,26953.68
2023-02-26,S10,0,28370.12
2023-03-05,S10,1,31487.28
2023-03-12,S10,1,29417.87
2023-03-19,S10,0,24344.63
2023-03-26,S10,1,28502.38
2023-04-02,S10,0,26416.93
2023-04-09,S10,1,28107.59
2023-04-16,S10,0,25363.98
2023-04-23,S10,0,25575.95
2023-04-30,S10,1,26658.83
2023-05-07,S10,1,29640.24
2023-05-14,S10,1,30604.56
2023-05-21,S10,1,24553.7
2023-05-28,S10,1,25059.46
2023-06-04,S10,0,24929.94
2023-06-11,S10,1,23825.73
2023-06-18,S10,1,25701.11
2023-06-25,S10,1,26508.18
2023-07-02,S10,1,22717.07
2023-07-09,S10,1,25897.56
2023-07-16,S10,1,24799.02
2023-07-23,S10,1,25543.29
2023-07-30,S10,0,20734.31
2023-08-06,S10,1,26663.3
2023-08-13,S10,0,23029.71
2023-08-20,S10,0,24762.91
2023-08-27,S10,0,21936.38
2023-09-03,S10,0,23288.05
2023-09-10,S10,0,24536.69
2023-09-17,S10,0,23407.21
2023-09-24,S10,1,27119.73
2023-10-01,S10,1,27606.57
2023-10-08,S10,1,28258.83
2023-10-15,S10,0,25658.17
2023-10-22,S10,0,24952.46
2023-10-29,S10,0,24392.4
2023-11-05,S10,1,28156.13
2023-11-12,S10,1,31331.55
2023-11-19,S10,1,29835.09
2023-11-26,S10,1,29488.09
2023-12-03,S10,0,24007.85
2023-12-10,S10,0,25499.58
2023-12-17,S10,1,29039.59
2023-12-24,S10,1,29222.1
2023-12-31,S10,1,27257.69
2024-01-07,S10,0,24011.33
2024-01-14,S10,0,25901.53
2024-01-21,S10,1,26845.17
2024-01-28,S10,1,26949.38
2024-02-04,S10,0,23817.88
2024-02-11,S10,0,27244.23
2024-02-18,S10,0,23410.89
2024-02-25,S10,1,23303.06
2024-03-03,S10,0,21842.11
2024-03-10,S10,1,25947.06
2024-03-17,S10,0,15577.76
2024-03-24,S10,1,27905.27
2024-03-31,S10,0,18953.22
2024-04-07,S10,1,20762.91
2024-04-14,S10,0,23357.02
2024-04-21,S10,0,18508.86
2024-04-28,S10,1,25839.12
2024-05-05,S10,0,22900.36
2024-05-12,S10,0,23459.8
2024-05-19,S10,1,23055.59
2024-05-26,S10,1,27180.32
2024-06-02,S10,0,25153.32
2024-06-09,S10,1,23806.36
2024-06-16,S10,0,22852.12
2024-06-23,S10,1,25058.96
2024-06-30,S10,1,28351.28
2024-07-07,S10,1,25905.21
2024-07-14,S10,1,29210.38
2024-07-21,S10,0,24706.15
2024-07-28,S10,0,22778.8
2024-08-04,S10,0,25330.82
2024-08-11,S10,0,26155.16
2024-08-18,S10,1,29488.26
2024-08-25,S10,1,28485.95
2024-09-01,S10,1,29219.9
2024-09-08,S10,1,28503.69
2024-09-15,S10,1,28931.82
2024-09-22,S10,1,27251.26
2024-09-29,S10,1,28735.63
2024-10-06,S10,1,28231.9
2024-10-13,S10,1,27376.14
2024-10-20,S10,1,26511.17
2024-10-27,S10,1,25908.55
2024-11-03,S10,1,26919.36
2024-11-10,S10,1,26382.57
2024-11-17,S10,0,21952.84
2024-11-24,S10,0,25340.32
2024-12-01,S10,0,20971.26
2024-12-08,S10,0,20625.44
2024-12-15,S10,0,24296.97
2024-12-22,S10,1,26989.97
2024-12-29,S10,0,20579.66
2025-01-05,S10,0,24686.47
2025-01-12,S10,0,21665.88
2025-01-19,S10,1,27376.46
2025-01-26,S10,1,28720.5
2025-02-02,S10,0,23031.83
2025-02-09,S10,1,25015.91
2025-02-16,S10,1,23465.36
2025-02-23,S10,1,28273.97
2025-03-02,S10,1,27786.63
2025-03-09,S10,0,22728.17
2025-03-16,S10,0,24884.77
2025-03-23,S10,1,28497.15
2025-03-30,S10,1,28382.0
2025-04-06,S10,1,29679.94
2025-04-13,S10,1,23888.15
2023-01-01,S11,1,26444.19
2023-01-08,S11,1,28676.49
2023-01-15,S11,1,28667.27
2023-01-22,S11,0,28220.16
2023-01-29,S11,1,30171.94
2023-02-05,S11,1,31383.01
2023-02-12,S11,1,35159.49
2023-02-19,S11,0,27772.66
2023-02-26,S11,0,25084.92
2023-03-05,S11,1,29886.57
2023-03-12,S11,1,28694.38
2023-03-19,S11,0,24401.88
2023-03-26,S11,0,29581.46
2023-04-02,S11,0,27425.64
2023-04-09,S11,1,27365.19
2023-04-16,S11,0,27582.08
2023-04-23,S11,0,23948.7
2023-04-30,S11,0,28015.35
2023-05-07,S11,0,27687.46
2023-05-14,S11,0,26531.9
2023-05-21,S11,0,26106.7
2023-05-28,S11,0,26307.89
2023-06-04,S11,1,25452.61
2023-06-11,S11,1,26326.98
2023-06-18,S11,0,24775.35
2023-06-25,S11,0,24484.27
2023-07-02,S11,1,28571.46
2023-07-09,S11,0,22443.11
2023-07-16,S11,0,22437.09
2023-07-23,S11,1,26438.99
2023-07-30,S11,1,21675.83
2023-08-06,S11,1,30526.46
2023-08-13,S11,0,23186.54
2023-08-20,S11,1,30186.73
2023-08-27,S11,1,27749.13
2023-09-03,S11,0,24106.41
2023-09-10,S11,1,27990.44
2023-09-17,S11,0,25698.47
2023-09-24,S11,0,26684.71
2023-10-01,S11,1,29055.47
2023-10-08,S11,1,33262.78
2023-10-15,S11,1,30228.49
2023-10-22,S11,1,30276.66
2023-10-29,S11,0,29218.3
2023-11-05,S11,1,30024.27
2023-11-12,S11,1,28276.59
2023-11-19,S11,0,26895.07
2023-11-26,S11,0,27622.42
2023-12-03,S11,0,28489.46
2023-12-10,S11,1,29241.66
2023-12-17,S11,0,29543.46
2023-12-24,S11,0,28993.64
2023-12-31,S11,1,29418.06
2024-01-07,S11,1,31509.27
2024-01-14,S11,1,30119.03
2024-01-21,S11,0,29626.25
2024-01-28,S11,0,24725.97
2024-02-04,S11,1,29172.0
2024-02-11,S11,1,26136.5
2024-02-18,S11,1,28963.74
2024-02-25,S11,1,27152.35
2024-03-03,S11,1,26789.53
2024-03-10,S11,1,26904.62
2024-03-17,S11,0,23103.81
2024-03-24,S11,1,29652.21
2024-03-31,S11,1,27432.75
2024-04-07,S11,1,28031.87
2024-04-14,S11,0,24892.51
2024-04-21,S11,1,27228.58
2024-04-28,S11,0,23552.3
2024-05-05,S11,1,27653.0
2024-05-12,S11,1,26794.5
2024-05-19,S11,0,24852.96
2024-05-26,S11,0,24622.06
2024-06-02,S11,1,29006.38
2024-06-09,S11,0,27022.12
2024-06-16,S11,0,25320.21
2024-06-23,S11,0,25426.29
2024-06-30,S11,0,26860.05
2024-07-07,S11,1,30140.0
2024-07-14,S11,0,26832.26
2024-07-21,S11,0,24346.32
2024-07-28,S11,0,26333.42
2024-08-04,S11,1,30563.16
2024-08-11,S11,0,26814.44
2024-08-18,S11,0,27286.49
2024-08-25,S11,1,31387.99
2024-09-01,S11,1,32735.15
2024-09-08,S11,1,31876.12
2024-09-15,S11,0,29410.52
2024-09-22,S11,1,29952.27
2024-09-29,S11,0,28250.91
2024-10-06,S11,1,30411.46
2024-10-13,S11,0,23937.74
2024-10-20,S11,1,28377.04
2024-10-27,S11,1,29626.1
2024-11-03,S11,0,26836.25
2024-11-10,S11,0,26794.03
2024-11-17,S11,0,26344.27
2024-11-24,S11,1,25727.69
2024-12-01,S11,0,23368.9
2024-12-08,S11,0,24625.85
2024-12-15,S11,1,24310.36
2024-12-22,S11,0,23288.1
2024-12-29,S11,1,27400.84
2025-01-05,S11,1,29782.21
2025-01-12,S11,0,27527.05
2025-01-19,S11,1,27272.78
2025-01-26,S11,0,22285.69
2025-02-02,S11,1,29110.52
2025-02-09,S11,1,26748.98
2025-02-16,S11,0,26943.64
2025-02-23,S11,1,30041.09
2025-03-02,S11,1,28131.02
2025-03-09,S11,1,28916.72
2025-03-16,S11,0,27504.17
2025-03-23,S11,0,27189.22
2025-03-30,S11,1,32880.17
2025-04-06,S11,1,29812.9
2025-04-13,S11,1,31615.01
2023-01-01,S12,0,18742.88
2023-01-08,S12,0,21231.83
2023-01-15,S12,0,19449.05
2023-01-22,S12,1,23942.65
2023-01-29,S12,1,24007.09
2023-02-05,S12,0,21281.85
2023-02-12,S12,1,23310.8
2023-02-19,S12,0,20715.39
2023-02-26,S12,1,26640.72
2023-03-05,S12,0,20755.12
2023-03-12,S12,0,19812.45
2023-03-19,S12,1,25126.11
2023-03-26,S12,0,23375.04
2023-04-02,S12,1,24080.06
2023-04-09,S12,0,20335.54
2023-04-16,S12,0,21108.67
2023-04-23,S12,0,20121.64
2023-04-30,S12,1,22933.13
2023-05-07,S12,1,21960.71
2023-05-14,S12,0,18705.81
2023-05-21,S12,1,25804.38
2023-05-28,S12,0,16611.58
2023-06-04,S12,1,19681.41
2023-06-11,S12,0,17689.01
2023-06-18,S12,0,18492.97
2023-06-25,S12,1,20668.24
2023-07-02,S12,0,16223.54
2023-07-09,S12,0,16798.45
2023-07-16,S12,1,17745.46
2023-07-23,S12,1,18392.34
2023-07-30,S12,0,18348.01
2023-08-06,S12,1,20690.57
2023-08-13,S12,0,14733.56
2023-08-20,S12,1,18483.27
2023-08-27,S12,1,16795.3
2023-09-03,S12,1,23086.98
2023-09-10,S12,1,22825.88
2023-09-17,S12,0,17554.31
2023-09-24,S12,0,24032.19
2023-10-01,S12,0,16140.17
2023-10-08,S12,0,17155.76
2023-10-15,S12,1,23805.48
2023-10-22,S12,0,20628.34
2023-10-29,S12,1,22298.07
2023-11-05,S12,1,21682.15
2023-11-12,S12,0,22858.15
2023-11-19,S12,1,21980.68
2023-11-26,S12,0,23511.68
2023-12-03,S12,0,23959.87
2023-12-10,S12,0,22854.75
2023-12-17,S12,1,23766.8
2023-12-24,S12,0,20898.23
2023-12-31,S12,0,21151.08
2024-01-07,S12,1,23499.26
2024-01-14,S12,0,19868.1
2024-01-21,S12,0,21587.09
2024-01-28,S12,0,18709.84
2024-02-04,S12,0,18122.63
2024-02-11,S12,0,16537.48
2024-02-18,S12,1,20199.57
2024-02-25,S12,0,17721.76
2024-03-03,S12,0,18824.95
2024-03-10,S12,0,18394.93
2024-03-17,S12,0,17118.28
2024-03-24,S12,0,17498.35
2024-03-31,S12,1,19402.22
2024-04-07,S12,1,21503.09
2024-04-14,S12,0,17513.42
2024-04-21,S12,1,18783.42
2024-04-28,S12,0,15164.01
2024-05-05,S12,1,22973.57
2024-05-12,S12,0,18086.19
2024-05-19,S12,0,18384.23
2024-05-26,S12,1,21261.39
2024-06-02,S12,1,22567.93
2024-06-09,S12,0,14508.32
2024-06-16,S12,1,20814.73
2024-06-23,S12,1,20514.71
2024-06-30,S12,1,23576.49
2024-07-07,S12,0,17788.37
2024-07-14,S12,1,24652.61
2024-07-21,S12,0,20797.73
2024-07-28,S12,0,19433.31
2024-08-04,S12,1,25566.99
2024-08-11,S12,1,25697.62
2024-08-18,S12,0,20871.03
2024-08-25,S12,1,21519.21
2024-09-01,S12,1,23769.41
2024-09-08,S12,0,18841.2
2024-09-15,S12,1,24402.26
2024-09-22,S12,1,22454.64
2024-09-29,S12,0,21432.2
2024-10-06,S12,0,20371.57
2024-10-13,S12,1,24961.78
2024-10-20,S12,1,22786.98
2024-10-27,S12,0,18417.09
2024-11-03,S12,1,21089.5
2024-11-10,S12,1,22049.84
2024-11-17,S12,1,22085.04
2024-11-24,S12,0,20895.87
2024-12-01,S12,0,15466.21
2024-12-08,S12,0,15297.73
2024-12-15,S12,0,17107.28
2024-12-22,S12,1,21447.5
2024-12-29,S12,1,21368.61
2025-01-05,S12,0,16931.0
2025-01-12,S12,0,16666.79
2025-01-19,S12,1,18623.87
2025-01-26,S12,1,20473.15
2025-02-02,S12,1,21824.39
2025-02-09,S12,0,16554.61
2025-02-16,S12,0,18083.91
2025-02-23,S12,0,17974.86
2025-03-02,S12,0,17781.46
2025-03-09,S12,1,23167.99
2025-03-16,S12,0,22207.61
2025-03-23,S12,0,21015.94
2025-03-30,S12,0,21409.69
2025-04-06,S12,0,19133.04
2025-04-13,S12,0,19159.04
2023-01-01,S13,0,14754.66
2023-01-08,S13,1,17770.62
2023-01-15,S13,1,21057.19
2023-01-22,S13,0,13937.03
2023-01-29,S13,0,13382.46
2023-02-05,S13,0,14581.33
2023-02-12,S13,1,19545.71
2023-02-19,S13,0,14506.59
2023-02-26,S13,0,14204.69
2023-03-05,S13,0,17480.61
2023-03-12,S13,1,22028.45
2023-03-19,S13,1,18222.49
2023-03-26,S13,1,17204.18
2023-04-02,S13,1,18472.35
2023-04-09,S13,0,16462.43
2023-04-16,S13,1,20042.06
2023-04-23,S13,0,13969.91
2023-04-30,S13,1,19424.09
2023-05-07,S13,0,14114.93
2023-05-14,S13,0,13206.67
2023-05-21,S13,0,16551.92
2023-05-28,S13,0,14079.13
2023-06-04,S13,1,15923.66
2023-06-11,S13,1,19712.79
2023-06-18,S13,1,14724.38
2023-06-25,S13,0,12199.66
2023-07-02,S13,0,12680.36
2023-07-09,S13,0,11312.68
2023-07-16,S13,1,17499.81
2023-07-23,S13,0,10363.75
2023-07-30,S13,0,11677.0
2023-08-06,S13,1,14867.23
2023-08-13,S13,1,17195.49
2023-08-20,S13,0,14324.99
2023-08-27,S13,1,15733.72
2023-09-03,S13,0,11272.36
2023-09-10,S13,1,17497.33
2023-09-17,S13,0,16016.07
2023-09-24,S13,0,14207.17
2023-10-01,S13,1,18004.89
2023-10-08,S13,0,12862.56
2023-10-15,S13,0,16469.29
2023-10-22,S13,1,17045.6
2023-10-29,S13,1,15738.58
2023-11-05,S13,0,18226.15
2023-11-12,S13,1,21707.61
2023-11-19,S13,1,22227.61
2023-11-26,S13,1,19254.75
2023-12-03,S13,0,15621.45
2023-12-10,S13,1,18450.71
2023-12-17,S13,1,16003.38
2023-12-24,S13,0,17847.2
2023-12-31,S13,1,18246.25
2024-01-07,S13,0,14472.26
2024-01-14,S13,0,13373.86
2024-01-21,S13,1,17523.55
2024-01-28,S13,0,17642.89
2024-02-04,S13,1,14677.98
2024-02-11,S13,1,15288.97
2024-02-18,S13,0,15007.52
2024-02-25,S13,1,15276.69
2024-03-03,S13,0,13077.08
2024-03-10,S13,0,15163.72
2024-03-17,S13,1,16380.63
2024-03-24,S13,1,11426.42
2024-03-31,S13,1,15245.66
2024-04-07,S13,1,17308.8
2024-04-14,S13,1,12578.15
2024-04-21,S13,0,10630.3
2024-04-28,S13,0,15135.33
2024-05-05,S13,0,11601.6
2024-05-12,S13,0,13032.56
2024-05-19,S13,0,11619.0
2024-05-26,S13,0,13595.96
2024-06-02,S13,0,10945.74
2024-06-09,S13,0,13615.21
2024-06-16,S13,1,15342.66
2024-06-23,S13,1,18190.96
2024-06-30,S13,0,17731.49
2024-07-07,S13,1,18104.15
2024-07-14,S13,1,19989.93
2024-07-21,S13,1,16937.63
2024-07-28,S13,1,19900.78
2024-08-04,S13,0,15896.65
2024-08-11,S13,1,19092.43
2024-08-18,S13,1,20591.32
2024-08-25,S13,1,18158.2
2024-09-01,S13,0,16394.42
2024-09-08,S13,1,17798.65
2024-09-15,S13,0,16071.95
2024-09-22,S13,1,18525.65
2024-09-29,S13,1,15904.09
2024-10-06,S13,1,16889.91
2024-10-13,S13,0,16271.63
2024-10-20,S13,0,13463.9
2024-10-27,S13,1,18889.18
2024-11-03,S13,0,14056.78
2024-11-10,S13,1,17575.74
2024-11-17,S13,0,13136.24
2024-11-24,S13,0,11903.58
2024-12-01,S13,1,14642.57
2024-12-08,S13,0,14742.46
2024-12-15,S13,0,12427.55
2024-12-22,S13,1,16470.23
2024-12-29,S13,0,11875.7
2025-01-05,S13,1,15323.3
2025-01-12,S13,1,14473.9
2025-01-19,S13,1,15429.98
2025-01-26,S13,1,17114.49
2025-02-02,S13,1,15907.74
2025-02-09,S13,0,13097.58
2025-02-16,S13,1,16278.1
2025-02-23,S13,0,11980.88
2025-03-02,S13,0,12732.05
2025-03-09,S13,1,19323.08
2025-03-16,S13,0,14893.54
2025-03-23,S13,0,17089.64
2025-03-30,S13,1,20857.43
2025-04-06,S13,1,17498.29
2025-04-13,S13,1,18241.9
2023-01-01,S14,0,13835.25
2023-01-08,S14,0,15646.0
2023-01-15,S14,0,14033.9
2023-01-22,S14,1,18524.7
2023-01-29,S14,0,13733.0
2023-02-05,S14,0,15735.56
2023-02-12,S14,1,17444.26
2023-02-19,S14,1,18230.93
2023-02-26,S14,1,18697.53
2023-03-05,S14,1,18259.05
2023-03-12,S14,1,17507.06
2023-03-19,S14,0,16811.36
2023-03-26,S14,0,15936.48
2023-04-02,S14,0,15588.04
2023-04-09,S14,1,15640.16
2023-04-16,S14,0,16238.86
2023-04-23,S14,1,17967.22
2023-04-30,S14,1,17664.8
2023-05-07,S14,1,19986.93
2023-05-14,S14,0,15649.0
2023-05-21,S14,1,17700.65
2023-05-28,S14,0,17393.02
2023-06-04,S14,1,14502.23
2023-06-11,S14,1,16383.68
2023-06-18,S14,0,14572.29
2023-06-25,S14,1,14093.36
2023-07-02,S14,0,11091.99
2023-07-09,S14,1,14461.96
2023-07-16,S14,1,15393.97
2023-07-23,S14,0,11412.5
2023-07-30,S14,1,12511.29
2023-08-06,S14,1,13562.61
2023-08-13,S14,1,17080.38
2023-08-20,S14,1,14985.08
2023-08-27,S14,0,12004.04
2023-09-03,S14,1,16010.01
2023-09-10,S14,0,15164.0
2023-09-17,S14,1,20150.44
2023-09-24,S14,1,16817.7
2023-10-01,S14,1,19564.1
2023-10-08,S14,1,18835.02
2023-10-15,S14,1,20114.52
2023-10-22,S14,0,15995.2
2023-10-29,S14,0,16607.99
2023-11-05,S14,0,18894.32
2023-11-12,S14,0,16019.74
2023-11-19,S14,0,14821.73
2023-11-26,S14,0,17701.71
2023-12-03,S14,0,15836.54
2023-12-10,S14,1,19293.75
2023-12-17,S14,0,16431.01
2023-12-24,S14,1,22680.43
2023-12-31,S14,0,14958.68
2024-01-07,S14,0,16874.81
2024-01-14,S14,1,20219.93
2024-01-21,S14,0,14994.23
2024-01-28,S14,1,14743.74
2024-02-04,S14,0,11656.78
2024-02-11,S14,0,14326.62
2024-02-18,S14,1,14398.75
2024-02-25,S14,0,13194.02
2024-03-03,S14,1,15519.05
2024-03-10,S14,0,13592.84
2024-03-17,S14,0,11270.55
2024-03-24,S14,1,17126.42
2024-03-31,S14,1,15794.89
2024-04-07,S14,0,13198.86
2024-04-14,S14,0,12279.29
2024-04-21,S14,0,11124.42
2024-04-28,S14,0,15591.38
2024-05-05,S14,1,18004.43
2024-05-12,S14,1,15615.13
2024-05-19,S14,0,14264.88
2024-05-26,S14,1,18178.68
2024-06-02,S14,1,18388.27
2024-06-09,S14,0,16873.71
2024-06-16,S14,0,14489.0
2024-06-23,S14,0,13979.13
2024-06-30,S14,0,17644.16
2024-07-07,S14,0,13860.11
2024-07-14,S14,1,21040.94
2024-07-21,S14,0,16781.08
2024-07-28,S14,0,15343.71
2024-08-04,S14,0,16334.5
2024-08-11,S14,1,19432.86
2024-08-18,S14,1,16574.67
2024-08-25,S14,0,16683.54
2024-09-01,S14,1,19020.15
2024-09-08,S14,0,14620.68
2024-09-15,S14,1,19862.87
2024-09-22,S14,0,16305.11
2024-09-29,S14,1,21378.86
2024-10-06,S14,0,12710.85
2024-10-13,S14,0,13844.52
2024-10-20,S14,1,17213.84
2024-10-27,S14,0,11887.5
2024-11-03,S14,1,16645.86
2024-11-10,S14,0,16222.61
2024-11-17,S14,0,14817.9
2024-11-24,S14,0,10912.49
2024-12-01,S14,1,16682.29
2024-12-08,S14,1,17057.43
2024-12-15,S14,1,15350.01
2024-12-22,S14,1,13176.87
2024-12-29,S14,1,16495.05
2025-01-05,S14,1,14633.0
2025-01-12,S14,1,13690.59
2025-01-19,S14,1,14563.9
2025-01-26,S14,0,14088.8
2025-02-02,S14,1,16084.0
2025-02-09,S14,0,12777.33
2025-02-16,S14,1,14155.59
2025-02-23,S14,1,18913.46
2025-03-02,S14,1,16990.52
2025-03-09,S14,0,14393.42
2025-03-16,S14,0,14806.37
2025-03-23,S14,0,11158.06
2025-03-30,S14,1,18755.18
2025-04-06,S14,1,20924.09
2025-04-13,S14,0,17348.9
2023-01-01,S15,1,26601.58
2023-01-08,S15,1,31261.99
2023-01-15,S15,1,28364.7
2023-01-22,S15,0,27321.5
2023-01-29,S15,1,32611.43
2023-02-05,S15,0,28058.28
2023-02-12,S15,0,29100.9
2023-02-19,S15,0,29545.19
2023-02-26,S15,1,33140.06
2023-03-05,S15,1,31975.0
2023-03-12,S15,0,29916.56
2023-03-19,S15,0,27862.12
2023-03-26,S15,0,30467.95
2023-04-02,S15,1,33155.2
2023-04-09,S15,1,29832.84
2023-04-16,S15,0,29458.7
2023-04-23,S15,1,30454.91
2023-04-30,S15,0,26190.98
2023-05-07,S15,0,26316.67
2023-05-14,S15,0,25020.34
2023-05-21,S15,1,29083.99
2023-05-28,S15,0,24802.33
2023-06-04,S15,1,29997.69
2023-06-11,S15,1,29246.08
2023-06-18,S15,1,28687.12
2023-06-25,S15,1,27474.43
2023-07-02,S15,1,28218.06
2023-07-09,S15,1,27331.13
2023-07-16,S15,0,26254.99
2023-07-23,S15,0,25148.33
2023-07-30,S15,0,24394.73
2023-08-06,S15,0,22764.3
2023-08-13,S15,1,26131.49
2023-08-20,S15,0,24584.33
2023-08-27,S15,0,24094.11
2023-09-03,S15,0,24825.91
2023-09-10,S15,1,27515.57
2023-09-17,S15,1,28322.21
2023-09-24,S15,1,30160.46
2023-10-01,S15,1,28656.78
2023-10-08,S15,0,26772.82
2023-10-15,S15,1,28960.68
2023-10-22,S15,1,31896.75
2023-10-29,S15,1,29983.22
2023-11-05,S15,0,27737.27
2023-11-12,S15,0,28120.01
2023-11-19,S15,1,30970.89
2023-11-26,S15,1,32368.53
2023-12-03,S15,1,34390.4
2023-12-10,S15,1,32846.68
2023-12-17,S15,1,35041.71
2023-12-24,S15,1,31801.2
2023-12-31,S15,1,31902.7
2024-01-07,S15,1,29343.26
2024-01-14,S15,0,25919.64
2024-01-21,S15,0,27174.48
2024-01-28,S15,1,28219.23
2024-02-04,S15,0,26536.9
2024-02-11,S15,0,22696.64
2024-02-18,S15,1,26089.09
2024-02-25,S15,1,26654.49
2024-03-03,S15,0,25337.26
2024-03-10,S15,1,29087.68
2024-03-17,S15,1,28436.8
2024-03-24,S15,1,28086.79
2024-03-31,S15,0,24407.77
2024-04-07,S15,1,28446.13
2024-04-14,S15,1,27660.33
2024-04-21,S15,1,23661.31
2024-04-28,S15,0,23880.39
2024-05-05,S15,1,29229.73
2024-05-12,S15,1,30085.82
2024-05-19,S15,0,27110.6
2024-05-26,S15,1,26531.53
2024-06-02,S15,1,28253.69
2024-06-09,S15,0,25457.04
2024-06-16,S15,1,30242.06
2024-06-23,S15,1,30613.7
2024-06-30,S15,1,29257.14
2024-07-07,S15,1,30137.39
2024-07-14,S15,0,29986.89
2024-07-21,S15,1,26423.19
2024-07-28,S15,0,27857.99
2024-08-04,S15,1,29347.03
2024-08-11,S15,1,30859.09
2024-08-18,S15,0,27079.59
2024-08-25,S15,0,28970.86
2024-09-01,S15,0,27582.38
2024-09-08,S15,0,27544.46
2024-09-15,S15,0,27590.45
2024-09-22,S15,0,28059.9
2024-09-29,S15,1,29420.98
2024-10-06,S15,1,30685.43
2024-10-13,S15,1,31235.03
2024-10-20,S15,1,28592.48
2024-10-27,S15,1,26953.22
2024-11-03,S15,0,27369.34
2024-11-10,S15,1,30412.65
2024-11-17,S15,0,24208.78
2024-11-24,S15,0,24529.13
2024-12-01,S15,1,24790.38
2024-12-08,S15,0,21857.64
2024-12-15,S15,0,21220.64
2024-12-22,S15,1,26409.35
2024-12-29,S15,0,24693.47
2025-01-05,S15,0,23903.16
2025-01-12,S15,1,28482.44
2025-01-19,S15,1,27794.55
2025-01-26,S15,0,24621.6
2025-02-02,S15,1,28379.67
2025-02-09,S15,1,29259.28
2025-02-16,S15,0,27203.86
2025-02-23,S15,1,27916.97
2025-03-02,S15,1,28681.48
2025-03-09,S15,1,27854.71
2025-03-16,S15,1,31589.54
2025-03-23,S15,0,26538.73
2025-03-30,S15,1,31240.64
2025-04-06,S15,0,28605.08
2025-04-13,S15,1,28715.72
